{"episode_reward": 11.0, "episode_loss": 0.2574116918352975, "_timestamp": 1696579172.5213208, "_runtime": 6306.60248875618, "_step": 3497892}