{"episode_reward": 1.0, "episode_loss": 0.20743506831050815, "_timestamp": 1696760947.347031, "_runtime": 372.950471162796, "_step": 226592}